{
  "roc_auc": 0.9926854754440961,
  "pr_auc": 0.9946969696969696,
  "threshold": 0.87
}